date,day_of_week,month,year,is_holiday,total_patients,new_admissions,discharges,emergency_visits,beds_needed,medication_units_used,staff_needed,avg_wait_time_min,patient_satisfaction
2023-01-01,6,1,2023,1,7,0,1,6,4,4,5,19,4.12
2023-01-02,0,1,2023,0,58,6,12,6,19,142,21,33,3.34
2023-01-03,1,1,2023,0,56,13,6,5,15,148,24,44,3.64
2023-01-04,2,1,2023,0,56,8,13,13,16,149,20,34,3.38
2023-01-05,3,1,2023,0,53,6,4,5,13,151,25,31,3.64
2023-01-06,4,1,2023,0,59,16,9,11,18,132,21,39,3.9
2023-01-07,5,1,2023,0,38,8,9,9,10,100,16,35,3.32
2023-01-08,6,1,2023,0,42,9,5,10,12,99,14,30,3.34
2023-01-09,0,1,2023,0,50,5,5,2,13,132,18,21,3.86
2023-01-10,1,1,2023,0,59,14,12,11,19,156,23,32,3.65
2023-01-11,2,1,2023,0,55,14,11,7,16,147,19,35,3.54
2023-01-12,3,1,2023,0,57,13,12,6,18,147,21,32,3.6
2023-01-13,4,1,2023,0,55,12,9,12,12,136,25,24,3.79
2023-01-14,5,1,2023,0,43,9,6,4,14,107,20,25,3.92
2023-01-15,6,1,2023,0,32,6,7,9,12,76,13,22,4.11
2023-01-16,0,1,2023,0,57,13,11,2,15,161,19,24,3.48
2023-01-17,1,1,2023,0,56,7,12,13,18,124,21,46,3.75
2023-01-18,2,1,2023,0,51,9,10,8,17,132,18,25,4.13
2023-01-19,3,1,2023,0,69,16,12,6,22,177,26,47,3.33
2023-01-20,4,1,2023,0,63,18,11,5,16,159,20,38,3.07
2023-01-21,5,1,2023,0,41,5,8,8,14,109,18,35,3.54
2023-01-22,6,1,2023,0,34,4,2,4,9,95,13,37,3.86
2023-01-23,0,1,2023,0,75,21,15,4,20,183,31,37,3.47
2023-01-24,1,1,2023,0,49,9,11,6,15,123,19,30,3.54
2023-01-25,2,1,2023,0,58,17,8,4,17,145,21,26,3.53
2023-01-26,3,1,2023,0,51,11,6,9,11,135,18,32,3.7
2023-01-27,4,1,2023,0,61,8,7,13,15,162,29,38,3.83
2023-01-28,5,1,2023,0,41,7,7,3,11,103,19,33,3.43
2023-01-29,6,1,2023,0,29,3,3,7,8,76,15,27,3.36
2023-01-30,0,1,2023,0,70,8,8,4,21,177,28,37,3.59
2023-01-31,1,1,2023,0,59,9,5,8,16,163,23,35,4.27
2023-02-01,2,2,2023,0,59,13,14,10,16,124,23,36,3.93
2023-02-02,3,2,2023,0,57,9,9,5,17,152,19,28,3.58
2023-02-03,4,2,2023,0,60,13,5,10,19,159,23,43,3.69
2023-02-04,5,2,2023,0,53,9,5,12,14,120,19,22,3.6
2023-02-05,6,2,2023,0,38,4,8,6,10,89,16,32,3.43
2023-02-06,0,2,2023,0,68,7,7,11,17,164,27,25,3.49
2023-02-07,1,2,2023,0,52,13,6,4,15,120,21,37,3.61
2023-02-08,2,2,2023,0,49,13,8,3,18,114,21,16,3.82
2023-02-09,3,2,2023,0,45,4,5,1,10,100,17,30,4.18
2023-02-10,4,2,2023,0,61,7,6,7,18,167,23,34,3.26
2023-02-11,5,2,2023,0,35,6,2,5,11,67,13,22,3.9
2023-02-12,6,2,2023,0,36,5,4,9,11,85,15,21,4.14
2023-02-13,0,2,2023,0,67,12,14,3,20,184,26,43,3.18
2023-02-14,1,2,2023,0,49,13,4,4,17,144,21,34,3.64
2023-02-15,2,2,2023,0,57,11,11,9,19,152,22,28,3.87
2023-02-16,3,2,2023,0,48,10,6,8,11,111,20,42,3.72
2023-02-17,4,2,2023,0,55,7,8,5,15,152,21,49,3.93
2023-02-18,5,2,2023,0,39,9,5,11,10,71,14,50,3.97
2023-02-19,6,2,2023,0,30,8,4,7,6,87,11,35,3.94
2023-02-20,0,2,2023,0,50,12,4,7,17,135,18,36,3.77
2023-02-21,1,2,2023,0,68,7,10,7,22,184,27,48,3.63
2023-02-22,2,2,2023,0,69,7,12,1,21,188,31,37,3.56
2023-02-23,3,2,2023,0,63,15,6,4,19,150,25,25,3.22
2023-02-24,4,2,2023,0,66,15,14,6,20,152,26,52,3.66
2023-02-25,5,2,2023,0,39,9,6,6,13,104,14,20,3.88
2023-02-26,6,2,2023,0,40,5,6,7,12,93,16,39,3.53
2023-02-27,0,2,2023,0,54,6,5,10,17,126,18,32,3.21
2023-02-28,1,2,2023,0,61,17,14,6,18,162,26,13,4.01
2023-03-01,2,3,2023,0,44,4,8,2,18,93,18,34,3.3
2023-03-02,3,3,2023,0,42,12,4,8,14,114,17,45,3.68
2023-03-03,4,3,2023,0,60,14,6,10,17,134,23,48,3.22
2023-03-04,5,3,2023,0,32,4,5,6,10,76,11,31,3.81
2023-03-05,6,3,2023,0,26,5,2,4,7,71,9,30,3.97
2023-03-06,0,3,2023,0,57,8,6,6,19,136,21,39,3.33
2023-03-07,1,3,2023,0,34,3,8,3,8,94,13,46,4.19
2023-03-08,2,3,2023,0,35,8,3,7,12,100,12,41,4.02
2023-03-09,3,3,2023,0,51,14,6,6,18,124,22,30,3.35
2023-03-10,4,3,2023,0,55,7,9,5,17,127,23,48,3.51
2023-03-11,5,3,2023,0,25,4,5,8,8,56,10,34,3.75
2023-03-12,6,3,2023,0,31,7,7,8,11,91,12,37,4.09
2023-03-13,0,3,2023,0,49,5,10,6,18,109,19,27,3.47
2023-03-14,1,3,2023,0,49,11,5,7,15,122,20,33,3.84
2023-03-15,2,3,2023,0,44,8,9,0,15,121,17,28,3.96
2023-03-16,3,3,2023,0,53,10,7,10,12,117,22,33,3.89
2023-03-17,4,3,2023,0,46,11,4,10,13,112,18,32,3.23
2023-03-18,5,3,2023,0,29,7,3,3,8,73,11,31,4.1
2023-03-19,6,3,2023,0,27,6,3,10,5,80,9,34,3.83
2023-03-20,0,3,2023,0,52,5,7,9,13,130,19,45,4.21
2023-03-21,1,3,2023,0,40,5,3,4,15,106,15,46,3.49
2023-03-22,2,3,2023,0,40,9,8,6,12,100,20,42,3.61
2023-03-23,3,3,2023,0,35,7,5,10,13,96,14,34,3.82
2023-03-24,4,3,2023,0,44,6,6,9,15,103,17,22,4.05
2023-03-25,5,3,2023,0,33,8,4,7,9,65,11,25,3.81
2023-03-26,6,3,2023,0,25,3,5,4,9,85,10,27,3.99
2023-03-27,0,3,2023,0,49,9,11,7,13,133,16,29,3.67
2023-03-28,1,3,2023,0,47,8,6,5,15,120,21,40,3.89
2023-03-29,2,3,2023,0,44,10,8,8,15,110,19,50,3.65
2023-03-30,3,3,2023,0,38,5,4,11,10,98,17,30,3.58
2023-03-31,4,3,2023,0,49,5,11,15,13,128,17,28,3.85
2023-04-01,5,4,2023,0,23,3,4,5,7,41,10,30,4.27
2023-04-02,6,4,2023,0,26,3,2,3,6,71,8,38,4.02
2023-04-03,0,4,2023,0,69,17,8,9,18,155,26,31,3.77
2023-04-04,1,4,2023,0,45,9,10,6,13,115,18,33,3.98
2023-04-05,2,4,2023,0,41,4,3,7,15,119,16,32,3.86
2023-04-06,3,4,2023,0,49,8,9,5,14,132,18,29,3.4
2023-04-07,4,4,2023,0,51,7,7,10,15,128,21,42,3.62
2023-04-08,5,4,2023,0,19,5,4,7,6,35,6,33,4.35
2023-04-09,6,4,2023,0,27,4,6,12,8,52,9,26,3.79
2023-04-10,0,4,2023,0,60,15,5,10,18,151,22,46,3.55
2023-04-11,1,4,2023,0,42,8,10,5,13,102,16,22,3.48
2023-04-12,2,4,2023,0,49,9,5,9,12,122,21,28,3.87
2023-04-13,3,4,2023,0,35,7,7,4,10,94,10,12,3.87
2023-04-14,4,4,2023,0,55,13,12,5,17,128,21,43,4.14
2023-04-15,5,4,2023,0,36,5,8,2,12,94,15,21,3.78
2023-04-16,6,4,2023,0,18,2,3,9,9,34,7,26,4.41
2023-04-17,0,4,2023,0,47,8,8,5,12,111,20,7,3.55
2023-04-18,1,4,2023,0,50,9,9,13,17,116,17,34,3.98
2023-04-19,2,4,2023,0,48,9,10,14,10,109,15,32,3.68
2023-04-20,3,4,2023,0,47,11,11,6,16,116,20,18,3.81
2023-04-21,4,4,2023,0,51,12,9,9,12,126,21,20,3.09
2023-04-22,5,4,2023,0,36,7,5,6,10,82,15,34,3.87
2023-04-23,6,4,2023,0,19,5,4,7,1,58,8,32,3.85
2023-04-24,0,4,2023,0,59,7,13,6,17,149,19,42,3.91
2023-04-25,1,4,2023,0,37,7,5,6,10,86,17,28,3.61
2023-04-26,2,4,2023,0,40,9,5,7,10,117,15,37,3.66
2023-04-27,3,4,2023,0,44,11,5,6,14,106,15,32,3.47
2023-04-28,4,4,2023,0,53,10,5,8,12,131,24,40,3.47
2023-04-29,5,4,2023,0,29,7,3,8,9,63,13,32,4.01
2023-04-30,6,4,2023,0,22,5,2,8,4,66,8,18,3.8
2023-05-01,0,5,2023,1,33,6,7,12,9,73,11,33,3.76
2023-05-02,1,5,2023,0,64,15,11,7,18,163,24,51,3.02
2023-05-03,2,5,2023,0,41,7,7,8,16,80,11,41,3.22
2023-05-04,3,5,2023,0,44,11,8,15,11,110,20,52,3.41
2023-05-05,4,5,2023,0,52,15,10,5,17,141,17,25,3.56
2023-05-06,5,5,2023,0,23,2,3,7,6,49,7,43,3.77
2023-05-07,6,5,2023,0,24,3,3,15,7,57,12,44,3.71
2023-05-08,0,5,2023,0,56,11,7,0,17,111,24,45,3.37
2023-05-09,1,5,2023,0,42,5,6,3,12,96,13,42,3.45
2023-05-10,2,5,2023,0,67,12,11,7,19,164,29,30,3.28
2023-05-11,3,5,2023,0,43,5,9,4,14,98,18,40,3.77
2023-05-12,4,5,2023,0,52,11,12,5,14,126,22,39,3.58
2023-05-13,5,5,2023,0,20,3,3,10,6,46,6,16,3.94
2023-05-14,6,5,2023,0,25,5,2,6,4,80,10,27,4.02
2023-05-15,0,5,2023,0,52,14,8,12,16,132,21,21,3.87
2023-05-16,1,5,2023,0,36,6,5,10,10,97,14,26,3.66
2023-05-17,2,5,2023,0,38,9,5,4,10,92,15,38,4.31
2023-05-18,3,5,2023,0,42,11,6,6,10,110,15,35,3.76
2023-05-19,4,5,2023,0,47,5,6,9,15,98,18,12,3.5
2023-05-20,5,5,2023,0,28,4,4,5,9,71,11,29,3.48
2023-05-21,6,5,2023,0,25,7,2,7,8,61,8,36,4.02
2023-05-22,0,5,2023,0,48,6,5,11,13,133,14,24,3.63
2023-05-23,1,5,2023,0,51,10,9,14,16,122,19,36,3.53
2023-05-24,2,5,2023,0,40,6,5,2,12,85,14,29,3.53
2023-05-25,3,5,2023,0,47,12,5,6,13,120,20,32,3.89
2023-05-26,4,5,2023,0,59,8,13,7,17,176,26,31,3.69
2023-05-27,5,5,2023,0,31,7,4,10,8,73,14,43,4.33
2023-05-28,6,5,2023,0,19,2,4,11,7,45,11,13,4.16
2023-05-29,0,5,2023,0,36,3,4,7,10,84,14,28,3.62
2023-05-30,1,5,2023,0,43,10,7,11,10,107,20,45,3.65
2023-05-31,2,5,2023,0,46,11,9,2,14,118,17,36,3.75
2023-06-01,3,6,2023,0,31,3,2,9,7,64,11,37,3.7
2023-06-02,4,6,2023,0,34,3,3,0,11,85,13,29,4.24
2023-06-03,5,6,2023,0,24,5,4,10,6,75,9,22,4.32
2023-06-04,6,6,2023,0,18,4,3,3,6,46,8,33,4.3
2023-06-05,0,6,2023,0,50,9,6,9,15,121,19,42,3.63
2023-06-06,1,6,2023,0,34,6,4,9,9,84,12,16,3.31
2023-06-07,2,6,2023,0,35,6,3,2,11,74,11,33,3.62
2023-06-08,3,6,2023,0,47,10,10,5,11,130,19,40,4.24
2023-06-09,4,6,2023,0,50,12,7,10,14,120,16,35,3.4
2023-06-10,5,6,2023,0,13,2,1,8,9,36,5,13,3.84
2023-06-11,6,6,2023,0,32,6,6,7,10,79,13,16,4.28
2023-06-12,0,6,2023,0,45,7,9,4,14,116,18,45,3.89
2023-06-13,1,6,2023,0,43,10,10,10,11,112,17,39,3.89
2023-06-14,2,6,2023,0,43,11,9,5,11,108,15,40,4.03
2023-06-15,3,6,2023,0,40,8,7,5,16,90,15,17,3.29
2023-06-16,4,6,2023,0,49,9,8,4,10,113,20,39,3.44
2023-06-17,5,6,2023,0,27,4,3,3,11,62,11,15,4.05
2023-06-18,6,6,2023,0,23,3,4,10,5,58,9,41,3.66
2023-06-19,0,6,2023,0,42,10,5,3,17,114,13,33,3.7
2023-06-20,1,6,2023,0,48,12,10,5,14,118,20,25,3.69
2023-06-21,2,6,2023,0,38,4,4,8,11,94,12,25,3.72
2023-06-22,3,6,2023,0,40,5,3,10,14,90,15,19,4.01
2023-06-23,4,6,2023,0,45,13,9,10,15,121,15,53,3.63
2023-06-24,5,6,2023,0,16,2,2,3,4,28,5,23,4.69
2023-06-25,6,6,2023,0,24,2,5,6,9,52,9,17,4.04
2023-06-26,0,6,2023,0,39,8,6,11,10,80,15,18,4.07
2023-06-27,1,6,2023,0,52,14,5,6,17,134,20,34,3.96
2023-06-28,2,6,2023,0,40,10,6,4,11,110,15,38,4.22
2023-06-29,3,6,2023,0,46,9,6,13,16,113,20,41,3.73
2023-06-30,4,6,2023,0,39,8,5,10,11,85,17,15,4.04
2023-07-01,5,7,2023,0,34,8,7,7,11,79,10,20,3.66
2023-07-02,6,7,2023,0,15,3,2,10,0,40,5,16,4.27
2023-07-03,0,7,2023,0,40,5,5,10,14,115,20,28,4.08
2023-07-04,1,7,2023,0,45,10,7,4,15,109,20,32,3.22
2023-07-05,2,7,2023,0,38,7,7,4,11,91,11,38,3.92
2023-07-06,3,7,2023,0,32,5,6,6,12,78,12,27,3.82
2023-07-07,4,7,2023,0,39,7,4,2,7,110,16,21,3.9
2023-07-08,5,7,2023,0,22,5,3,7,6,45,9,22,4.68
2023-07-09,6,7,2023,0,16,4,3,3,3,26,5,34,3.54
2023-07-10,0,7,2023,0,55,12,4,8,19,140,23,52,3.45
2023-07-11,1,7,2023,0,32,5,4,6,11,75,14,16,3.63
2023-07-12,2,7,2023,0,48,9,9,9,15,90,21,35,3.96
2023-07-13,3,7,2023,0,40,11,6,6,12,103,17,46,3.3
2023-07-14,4,7,2023,0,40,9,9,15,9,107,17,39,3.22
2023-07-15,5,7,2023,0,23,6,3,4,7,62,10,32,4.16
2023-07-16,6,7,2023,0,23,6,3,6,8,53,7,16,3.76
2023-07-17,0,7,2023,0,48,13,10,11,17,121,16,31,3.73
2023-07-18,1,7,2023,0,39,9,7,7,10,93,13,34,3.5
2023-07-19,2,7,2023,0,33,4,5,10,9,111,10,22,3.67
2023-07-20,3,7,2023,0,39,10,9,10,9,90,14,22,3.98
2023-07-21,4,7,2023,0,32,7,5,8,8,81,10,18,4.08
2023-07-22,5,7,2023,0,25,2,2,17,7,52,14,28,3.83
2023-07-23,6,7,2023,0,22,3,3,7,2,46,8,55,4.03
2023-07-24,0,7,2023,0,48,11,5,3,13,106,18,45,3.17
2023-07-25,1,7,2023,0,49,8,9,9,14,116,20,29,3.21
2023-07-26,2,7,2023,0,41,11,4,10,11,99,18,30,3.59
2023-07-27,3,7,2023,0,43,6,9,10,13,94,14,9,4.35
2023-07-28,4,7,2023,0,45,10,5,8,16,130,18,30,3.62
2023-07-29,5,7,2023,0,19,2,3,13,1,54,5,36,4.1
2023-07-30,6,7,2023,0,22,3,4,7,7,33,10,51,3.92
2023-07-31,0,7,2023,0,38,11,7,5,10,107,19,45,3.49
2023-08-01,1,8,2023,0,33,6,5,5,9,83,11,40,3.43
2023-08-02,2,8,2023,0,34,6,8,5,5,72,15,39,3.75
2023-08-03,3,8,2023,0,38,10,6,6,12,96,15,49,3.91
2023-08-04,4,8,2023,0,41,5,6,9,15,97,16,33,4.3
2023-08-05,5,8,2023,0,27,4,4,5,6,52,13,29,4.13
2023-08-06,6,8,2023,0,27,4,5,6,9,76,11,39,3.91
2023-08-07,0,8,2023,0,44,6,6,7,15,99,16,44,4.64
2023-08-08,1,8,2023,0,42,7,3,5,9,85,15,43,4.4
2023-08-09,2,8,2023,0,41,5,9,5,9,100,13,48,3.4
2023-08-10,3,8,2023,0,50,11,6,10,14,114,16,24,3.7
2023-08-11,4,8,2023,0,42,8,4,5,11,104,21,34,4.51
2023-08-12,5,8,2023,0,24,5,2,1,5,49,9,21,4.61
2023-08-13,6,8,2023,0,19,4,3,8,4,40,7,28,4.33
2023-08-14,0,8,2023,0,43,10,6,3,10,106,19,39,3.87
2023-08-15,1,8,2023,0,29,6,4,6,9,81,10,23,3.57
2023-08-16,2,8,2023,0,52,7,11,3,16,123,21,47,3.56
2023-08-17,3,8,2023,0,42,11,8,6,13,102,20,48,3.67
2023-08-18,4,8,2023,0,48,9,5,10,12,117,20,31,3.88
2023-08-19,5,8,2023,0,24,6,1,7,3,62,11,31,4.29
2023-08-20,6,8,2023,0,15,1,1,5,6,11,7,26,4.08
2023-08-21,0,8,2023,0,38,6,3,6,9,91,13,58,3.86
2023-08-22,1,8,2023,0,46,6,7,5,13,106,18,33,3.29
2023-08-23,2,8,2023,0,35,6,3,11,12,96,9,26,3.8
2023-08-24,3,8,2023,0,50,11,7,9,14,119,19,23,3.75
2023-08-25,4,8,2023,0,40,9,3,8,12,107,14,35,3.9
2023-08-26,5,8,2023,0,23,6,4,12,5,63,7,20,4.26
2023-08-27,6,8,2023,0,14,2,2,2,4,32,6,5,4.04
2023-08-28,0,8,2023,0,48,7,9,5,15,112,18,28,4.07
2023-08-29,1,8,2023,0,35,9,4,6,12,97,14,28,4.12
2023-08-30,2,8,2023,0,46,6,10,15,15,108,19,21,4.12
2023-08-31,3,8,2023,0,44,12,5,5,15,102,15,30,3.93
2023-09-01,4,9,2023,0,49,6,9,2,12,109,19,35,3.44
2023-09-02,5,9,2023,0,21,4,4,8,7,24,5,34,4.0
2023-09-03,6,9,2023,0,32,6,3,5,7,80,14,29,3.93
2023-09-04,0,9,2023,0,45,8,9,8,18,100,18,17,3.65
2023-09-05,1,9,2023,0,40,11,7,6,12,80,18,45,3.5
2023-09-06,2,9,2023,0,54,12,4,7,14,137,23,58,3.52
2023-09-07,3,9,2023,0,46,9,6,7,14,104,16,33,3.43
2023-09-08,4,9,2023,0,54,8,9,10,18,113,23,32,3.59
2023-09-09,5,9,2023,0,38,8,7,3,9,80,14,47,3.77
2023-09-10,6,9,2023,0,22,5,4,11,5,38,6,41,3.76
2023-09-11,0,9,2023,0,60,7,10,12,14,160,24,36,3.54
2023-09-12,1,9,2023,0,48,5,8,8,13,121,19,38,3.55
2023-09-13,2,9,2023,0,47,8,3,11,13,139,17,36,4.11
2023-09-14,3,9,2023,0,49,5,12,3,14,116,21,40,3.69
2023-09-15,4,9,2023,0,50,13,9,2,13,112,19,47,3.78
2023-09-16,5,9,2023,0,27,7,4,4,10,62,12,37,4.02
2023-09-17,6,9,2023,0,30,5,4,11,8,58,15,20,3.77
2023-09-18,0,9,2023,0,53,13,6,14,16,124,21,21,3.93
2023-09-19,1,9,2023,0,40,9,5,8,12,91,19,32,3.36
2023-09-20,2,9,2023,0,44,4,7,4,12,118,16,36,3.51
2023-09-21,3,9,2023,0,45,7,7,10,15,126,21,42,3.78
2023-09-22,4,9,2023,0,42,10,10,11,12,112,16,34,3.63
2023-09-23,5,9,2023,0,24,5,2,6,8,52,11,30,4.2
2023-09-24,6,9,2023,0,23,5,2,4,10,62,8,36,4.33
2023-09-25,0,9,2023,0,50,6,9,14,15,111,18,43,3.57
2023-09-26,1,9,2023,0,40,5,6,6,10,112,18,21,4.44
2023-09-27,2,9,2023,0,40,5,7,8,13,98,17,37,4.04
2023-09-28,3,9,2023,0,46,5,3,1,13,107,21,40,3.62
2023-09-29,4,9,2023,0,58,7,7,4,14,134,20,30,3.75
2023-09-30,5,9,2023,0,21,5,2,4,7,73,8,27,3.81
2023-10-01,6,10,2023,0,13,3,2,3,3,26,5,24,4.3
2023-10-02,0,10,2023,0,50,12,4,5,10,113,20,46,4.1
2023-10-03,1,10,2023,0,45,13,10,15,12,116,17,39,3.62
2023-10-04,2,10,2023,0,41,9,8,6,10,99,17,37,3.77
2023-10-05,3,10,2023,0,51,15,7,8,16,121,22,42,3.91
2023-10-06,4,10,2023,0,43,10,4,7,13,86,15,42,3.76
2023-10-07,5,10,2023,0,22,3,2,9,6,44,7,30,3.83
2023-10-08,6,10,2023,0,32,3,4,5,4,80,14,33,3.35
2023-10-09,0,10,2023,0,62,7,13,8,16,162,23,41,3.39
2023-10-10,1,10,2023,0,48,7,11,9,13,109,17,24,3.85
2023-10-11,2,10,2023,0,35,5,8,7,13,97,10,37,3.99
2023-10-12,3,10,2023,0,44,4,7,4,11,110,18,34,3.57
2023-10-13,4,10,2023,0,48,7,7,7,15,134,17,34,3.7
2023-10-14,5,10,2023,0,31,7,4,5,9,94,11,48,3.75
2023-10-15,6,10,2023,0,26,4,3,6,9,70,11,34,3.65
2023-10-16,0,10,2023,0,54,11,12,9,17,127,21,36,3.54
2023-10-17,1,10,2023,0,40,5,9,6,12,98,16,22,4.02
2023-10-18,2,10,2023,0,40,6,9,5,14,92,13,37,3.91
2023-10-19,3,10,2023,0,48,7,9,9,16,96,19,33,3.49
2023-10-20,4,10,2023,0,47,7,4,8,12,123,20,29,3.57
2023-10-21,5,10,2023,0,41,6,6,6,12,96,15,13,4.31
2023-10-22,6,10,2023,0,20,3,3,5,7,48,6,24,4.28
2023-10-23,0,10,2023,0,55,9,12,11,19,134,17,29,3.78
2023-10-24,1,10,2023,0,51,5,10,0,15,141,22,26,3.74
2023-10-25,2,10,2023,0,48,6,7,11,12,121,20,32,3.74
2023-10-26,3,10,2023,0,45,6,8,8,13,119,15,19,3.43
2023-10-27,4,10,2023,0,39,4,3,6,12,99,14,21,3.98
2023-10-28,5,10,2023,0,38,5,6,3,9,74,14,25,3.87
2023-10-29,6,10,2023,0,27,4,6,11,6,63,10,22,3.95
2023-10-30,0,10,2023,0,57,14,4,9,15,149,18,36,3.66
2023-10-31,1,10,2023,0,50,5,7,10,14,131,19,47,4.17
2023-11-01,2,11,2023,0,48,6,11,8,15,118,20,5,4.18
2023-11-02,3,11,2023,0,69,12,13,12,19,159,31,41,3.59
2023-11-03,4,11,2023,0,61,16,13,9,20,145,23,29,3.43
2023-11-04,5,11,2023,0,29,3,5,4,6,82,16,20,3.85
2023-11-05,6,11,2023,0,25,3,4,13,7,49,11,8,4.02
2023-11-06,0,11,2023,0,66,19,10,9,22,169,26,36,3.74
2023-11-07,1,11,2023,0,65,14,15,8,20,163,27,24,3.32
2023-11-08,2,11,2023,0,60,6,4,9,20,148,25,46,3.04
2023-11-09,3,11,2023,0,50,10,8,9,15,131,17,37,4.25
2023-11-10,4,11,2023,0,52,6,11,8,16,115,21,44,3.62
2023-11-11,5,11,2023,0,46,10,8,8,9,107,20,26,3.93
2023-11-12,6,11,2023,0,33,7,5,5,10,73,11,42,3.98
2023-11-13,0,11,2023,0,57,7,14,3,17,135,20,43,3.29
2023-11-14,1,11,2023,0,56,9,13,5,14,135,26,24,3.54
2023-11-15,2,11,2023,0,56,13,11,8,19,137,23,38,3.48
2023-11-16,3,11,2023,0,58,13,5,8,19,134,21,35,3.82
2023-11-17,4,11,2023,0,69,16,12,11,20,177,29,43,3.86
2023-11-18,5,11,2023,0,46,6,10,8,15,121,16,52,3.69
2023-11-19,6,11,2023,0,30,4,7,11,8,69,9,43,3.92
2023-11-20,0,11,2023,0,67,7,5,6,19,170,27,47,3.7
2023-11-21,1,11,2023,0,50,8,11,5,14,134,22,44,3.63
2023-11-22,2,11,2023,0,56,6,13,13,17,140,20,38,3.11
2023-11-23,3,11,2023,0,57,14,14,10,15,149,20,38,3.48
2023-11-24,4,11,2023,0,65,9,15,9,20,173,24,38,3.21
2023-11-25,5,11,2023,0,46,7,6,9,15,126,20,32,3.43
2023-11-26,6,11,2023,0,39,4,5,11,12,90,15,40,4.06
2023-11-27,0,11,2023,0,59,15,9,1,18,130,26,61,3.48
2023-11-28,1,11,2023,0,63,17,11,13,16,144,23,24,3.85
2023-11-29,2,11,2023,0,58,17,7,6,18,143,23,52,3.81
2023-11-30,3,11,2023,0,60,15,7,6,19,143,24,57,3.24
2023-12-01,4,12,2023,0,49,9,10,10,14,118,19,34,3.37
2023-12-02,5,12,2023,0,46,7,11,5,11,96,18,34,3.77
2023-12-03,6,12,2023,0,49,5,8,13,15,119,20,35,3.66
2023-12-04,0,12,2023,0,63,7,6,8,20,178,27,27,3.25
2023-12-05,1,12,2023,0,55,8,7,8,14,132,22,29,4.03
2023-12-06,2,12,2023,0,58,13,13,13,15,143,24,33,3.68
2023-12-07,3,12,2023,0,62,16,6,6,18,159,25,32,3.59
2023-12-08,4,12,2023,0,58,16,11,11,14,144,30,33,3.85
2023-12-09,5,12,2023,0,36,5,7,9,11,95,15,20,4.33
2023-12-10,6,12,2023,0,29,3,2,13,10,72,12,6,3.82
2023-12-11,0,12,2023,0,60,13,8,6,18,156,23,27,3.95
2023-12-12,1,12,2023,0,66,13,10,5,22,167,31,38,3.3
2023-12-13,2,12,2023,0,57,6,7,7,17,138,22,29,4.31
2023-12-14,3,12,2023,0,55,6,6,6,13,136,18,24,3.28
2023-12-15,4,12,2023,0,69,15,13,8,19,163,24,31,3.29
2023-12-16,5,12,2023,0,50,5,8,8,13,129,20,28,3.32
2023-12-17,6,12,2023,0,45,8,10,7,13,120,18,62,4.03
2023-12-18,0,12,2023,0,54,10,8,7,15,128,19,23,4.1
2023-12-19,1,12,2023,0,54,12,12,9,12,137,27,44,3.72
2023-12-20,2,12,2023,0,52,5,12,9,16,119,22,21,3.82
2023-12-21,3,12,2023,0,56,11,7,5,17,117,24,38,3.79
2023-12-22,4,12,2023,0,60,6,7,7,16,139,23,42,4.19
2023-12-23,5,12,2023,0,32,5,4,4,9,76,11,37,4.06
2023-12-24,6,12,2023,0,28,7,5,10,7,69,8,41,3.66
2023-12-25,0,12,2023,1,32,7,6,7,6,91,13,34,4.42
2023-12-26,1,12,2023,1,29,5,5,3,6,83,14,34,4.1
2023-12-27,2,12,2023,0,61,12,6,9,21,152,25,26,3.31
2023-12-28,3,12,2023,0,65,12,9,6,16,170,25,44,4.04
2023-12-29,4,12,2023,0,52,7,5,8,14,124,19,35,3.8
2023-12-30,5,12,2023,0,40,11,8,10,12,113,16,39,3.66
2023-12-31,6,12,2023,1,7,0,1,10,1,26,5,24,4.29
2024-01-01,0,1,2024,1,39,11,8,8,15,83,12,41,3.51
2024-01-02,1,1,2024,0,49,11,8,12,10,106,18,28,3.62
2024-01-03,2,1,2024,0,53,7,9,5,16,131,20,52,3.54
2024-01-04,3,1,2024,0,64,7,8,9,22,172,28,44,3.63
2024-01-05,4,1,2024,0,62,10,8,8,18,161,23,15,3.23
2024-01-06,5,1,2024,0,47,11,10,3,14,122,18,28,4.13
2024-01-07,6,1,2024,0,26,5,5,5,7,59,6,46,4.13
2024-01-08,0,1,2024,0,65,9,14,4,21,169,31,35,3.25
2024-01-09,1,1,2024,0,54,11,8,9,17,145,21,47,3.53
2024-01-10,2,1,2024,0,62,12,11,11,19,148,25,39,3.66
2024-01-11,3,1,2024,0,70,18,9,7,18,179,24,32,3.45
2024-01-12,4,1,2024,0,50,9,10,1,15,130,20,41,3.91
2024-01-13,5,1,2024,0,43,6,4,9,11,126,17,34,3.73
2024-01-14,6,1,2024,0,35,5,6,9,9,87,14,39,3.78
2024-01-15,0,1,2024,0,56,14,4,6,16,135,21,39,3.64
2024-01-16,1,1,2024,0,65,13,10,5,17,155,26,45,3.27
2024-01-17,2,1,2024,0,57,10,14,5,17,134,26,43,3.56
2024-01-18,3,1,2024,0,67,11,10,9,20,165,29,28,3.68
2024-01-19,4,1,2024,0,74,8,13,12,21,172,22,53,3.43
2024-01-20,5,1,2024,0,39,8,6,9,11,78,15,36,3.39
2024-01-21,6,1,2024,0,37,10,3,11,10,87,13,16,4.11
2024-01-22,0,1,2024,0,54,15,6,5,18,129,22,37,3.82
2024-01-23,1,1,2024,0,59,9,14,7,19,125,21,37,3.89
2024-01-24,2,1,2024,0,58,14,13,5,18,133,21,31,3.85
2024-01-25,3,1,2024,0,53,15,8,6,15,144,15,49,3.39
2024-01-26,4,1,2024,0,67,14,12,8,17,155,24,63,3.24
2024-01-27,5,1,2024,0,54,11,9,8,12,142,19,43,3.0
2024-01-28,6,1,2024,0,36,5,7,10,14,89,13,15,3.99
2024-01-29,0,1,2024,0,59,9,6,10,17,160,22,59,3.15
2024-01-30,1,1,2024,0,68,15,10,4,20,162,26,36,3.74
2024-01-31,2,1,2024,0,61,12,8,7,15,179,25,55,3.86
2024-02-01,3,2,2024,0,58,15,8,7,16,142,22,35,3.83
2024-02-02,4,2,2024,0,64,16,15,5,21,163,25,45,3.62
2024-02-03,5,2,2024,0,51,7,7,8,13,120,20,27,4.23
2024-02-04,6,2,2024,0,34,5,4,17,10,72,12,38,3.63
2024-02-05,0,2,2024,0,69,7,16,10,17,169,24,28,3.81
2024-02-06,1,2,2024,0,60,8,13,8,16,156,26,50,3.77
2024-02-07,2,2,2024,0,53,5,6,9,15,134,24,18,3.99
2024-02-08,3,2,2024,0,60,6,9,6,22,133,24,35,3.31
2024-02-09,4,2,2024,0,65,17,12,12,17,142,26,32,3.56
2024-02-10,5,2,2024,0,49,8,4,2,18,132,20,41,3.59
2024-02-11,6,2,2024,0,32,8,6,6,6,69,12,39,4.23
2024-02-12,0,2,2024,0,62,8,14,9,18,157,23,32,3.63
2024-02-13,1,2,2024,0,65,10,10,6,18,144,27,48,3.55
2024-02-14,2,2,2024,0,51,10,10,7,19,149,19,27,3.57
2024-02-15,3,2,2024,0,63,10,8,5,19,144,26,33,3.96
2024-02-16,4,2,2024,0,60,13,7,7,14,148,24,53,3.47
2024-02-17,5,2,2024,0,33,7,5,8,11,63,11,32,3.61
2024-02-18,6,2,2024,0,35,5,3,9,11,82,13,40,4.12
2024-02-19,0,2,2024,0,58,15,8,9,16,135,25,41,3.27
2024-02-20,1,2,2024,0,52,14,5,8,14,117,19,38,4.0
2024-02-21,2,2,2024,0,61,17,5,5,18,142,25,30,3.9
2024-02-22,3,2,2024,0,62,16,9,9,15,153,21,42,3.3
2024-02-23,4,2,2024,0,66,10,10,8,24,160,27,37,3.34
2024-02-24,5,2,2024,0,47,12,11,15,15,134,18,31,3.46
2024-02-25,6,2,2024,0,41,6,7,7,12,87,17,27,3.85
2024-02-26,0,2,2024,0,62,11,11,0,18,153,28,36,3.85
2024-02-27,1,2,2024,0,52,10,12,11,18,124,21,53,3.38
2024-02-28,2,2,2024,0,42,4,9,1,19,124,13,36,3.33
2024-02-29,3,2,2024,0,64,12,10,13,18,143,23,39,3.27
2024-03-01,4,3,2024,0,39,7,9,0,9,108,12,31,3.38
2024-03-02,5,3,2024,0,24,3,5,9,8,48,9,23,3.52
2024-03-03,6,3,2024,0,26,4,4,4,5,82,9,26,4.39
2024-03-04,0,3,2024,0,67,14,9,10,21,173,22,41,3.17
2024-03-05,1,3,2024,0,46,5,7,5,14,128,18,15,4.2
2024-03-06,2,3,2024,0,40,10,7,9,12,91,16,35,3.71
2024-03-07,3,3,2024,0,46,8,7,11,14,117,18,33,3.69
2024-03-08,4,3,2024,0,53,14,7,8,15,130,22,52,3.61
2024-03-09,5,3,2024,0,33,9,5,6,6,81,14,27,3.83
2024-03-10,6,3,2024,0,19,3,3,10,7,57,9,46,3.8
2024-03-11,0,3,2024,0,55,8,13,4,15,159,21,34,4.31
2024-03-12,1,3,2024,0,42,4,4,7,13,87,12,25,4.72
2024-03-13,2,3,2024,0,42,9,6,5,13,99,16,12,3.47
2024-03-14,3,3,2024,0,48,6,7,4,16,109,20,29,3.91
2024-03-15,4,3,2024,0,55,9,8,5,16,120,20,43,3.72
2024-03-16,5,3,2024,0,33,9,5,3,12,95,15,31,3.99
2024-03-17,6,3,2024,0,19,3,4,7,6,35,8,40,4.48
2024-03-18,0,3,2024,0,50,12,8,5,14,119,23,30,3.73
2024-03-19,1,3,2024,0,38,10,7,10,9,104,11,37,3.91
2024-03-20,2,3,2024,0,38,5,6,7,11,112,13,41,3.87
2024-03-21,3,3,2024,0,45,7,10,8,10,129,14,29,3.88
2024-03-22,4,3,2024,0,49,8,5,6,14,119,20,35,4.27
2024-03-23,5,3,2024,0,35,6,3,11,11,90,12,27,3.54
2024-03-24,6,3,2024,0,28,4,4,7,10,78,11,39,4.31
2024-03-25,0,3,2024,0,54,9,12,7,15,141,22,32,3.95
2024-03-26,1,3,2024,0,53,6,6,1,16,133,20,32,3.5
2024-03-27,2,3,2024,0,39,8,3,10,11,114,14,33,3.81
2024-03-28,3,3,2024,0,53,12,13,6,17,131,22,54,3.25
2024-03-29,4,3,2024,0,51,5,11,8,14,133,19,37,3.84
2024-03-30,5,3,2024,0,37,8,3,0,14,74,14,25,4.14
2024-03-31,6,3,2024,0,24,3,3,7,10,50,10,36,4.34
2024-04-01,0,4,2024,0,63,9,8,1,18,138,25,33,3.8
2024-04-02,1,4,2024,0,36,3,7,10,10,97,15,32,3.95
2024-04-03,2,4,2024,0,55,12,12,12,20,133,18,46,3.83
2024-04-04,3,4,2024,0,49,12,10,7,13,137,18,48,3.7
2024-04-05,4,4,2024,0,39,5,6,10,13,91,14,41,3.91
2024-04-06,5,4,2024,0,26,4,5,8,5,75,8,26,3.65
2024-04-07,6,4,2024,0,32,6,7,11,11,68,14,45,4.0
2024-04-08,0,4,2024,0,54,11,11,8,16,137,21,46,3.82
2024-04-09,1,4,2024,0,46,12,4,5,14,125,14,28,3.7
2024-04-10,2,4,2024,0,46,7,5,13,11,114,19,41,3.7
2024-04-11,3,4,2024,0,48,12,3,10,11,116,19,31,3.81
2024-04-12,4,4,2024,0,46,10,8,14,13,108,19,10,3.1
2024-04-13,5,4,2024,0,33,3,6,8,9,78,15,49,4.69
2024-04-14,6,4,2024,0,25,5,2,7,7,41,9,31,4.23
2024-04-15,0,4,2024,0,44,6,9,8,13,100,17,18,3.7
2024-04-16,1,4,2024,0,47,9,4,13,14,113,19,39,3.44
2024-04-17,2,4,2024,0,45,11,10,6,15,112,16,35,2.94
2024-04-18,3,4,2024,0,44,7,6,4,12,92,17,23,3.9
2024-04-19,4,4,2024,0,46,6,10,4,12,112,17,31,3.94
2024-04-20,5,4,2024,0,44,9,4,5,14,114,19,26,3.78
2024-04-21,6,4,2024,0,15,4,1,10,2,17,5,23,4.01
2024-04-22,0,4,2024,0,51,11,11,9,12,115,17,18,3.38
2024-04-23,1,4,2024,0,52,6,10,7,17,144,21,32,3.71
2024-04-24,2,4,2024,0,47,4,8,10,14,118,18,43,3.86
2024-04-25,3,4,2024,0,39,9,5,4,11,101,19,19,3.35
2024-04-26,4,4,2024,0,41,9,5,3,15,102,14,8,4.23
2024-04-27,5,4,2024,0,20,3,4,11,8,42,5,48,4.19
2024-04-28,6,4,2024,0,29,8,4,1,9,77,9,39,4.46
2024-04-29,0,4,2024,0,46,13,10,12,12,120,16,25,4.24
2024-04-30,1,4,2024,0,40,10,9,10,10,115,18,45,3.58
2024-05-01,2,5,2024,1,19,2,1,9,7,47,5,25,4.79
2024-05-02,3,5,2024,0,44,6,8,9,10,126,16,33,3.87
2024-05-03,4,5,2024,0,48,11,7,5,13,106,20,23,3.94
2024-05-04,5,5,2024,0,26,5,5,8,9,67,8,16,4.02
2024-05-05,6,5,2024,0,35,5,6,9,10,95,16,33,3.79
2024-05-06,0,5,2024,0,52,14,7,0,20,154,20,56,3.88
2024-05-07,1,5,2024,0,48,5,8,1,16,116,17,35,3.81
2024-05-08,2,5,2024,0,52,13,8,9,17,121,22,17,3.68
2024-05-09,3,5,2024,0,39,5,3,8,9,73,14,39,3.74
2024-05-10,4,5,2024,0,51,7,5,6,15,116,21,22,2.95
2024-05-11,5,5,2024,0,24,2,5,11,4,49,11,19,4.02
2024-05-12,6,5,2024,0,25,6,5,8,7,58,6,15,3.97
2024-05-13,0,5,2024,0,57,16,5,8,14,148,23,30,3.68
2024-05-14,1,5,2024,0,38,9,3,8,8,105,13,21,3.94
2024-05-15,2,5,2024,0,47,10,4,6,11,131,17,28,4.02
2024-05-16,3,5,2024,0,46,8,4,10,14,116,17,20,3.8
2024-05-17,4,5,2024,0,49,11,8,9,15,110,21,28,3.66
2024-05-18,5,5,2024,0,33,5,8,5,12,89,14,31,3.61
2024-05-19,6,5,2024,0,40,6,9,6,11,98,18,35,3.74
2024-05-20,0,5,2024,0,55,8,10,9,12,145,23,25,3.54
2024-05-21,1,5,2024,0,41,12,8,9,12,103,18,48,3.8
2024-05-22,2,5,2024,0,49,9,9,8,17,109,21,28,4.08
2024-05-23,3,5,2024,0,44,4,3,6,13,102,19,14,4.05
2024-05-24,4,5,2024,0,47,7,4,6,14,123,19,27,4.18
2024-05-25,5,5,2024,0,18,2,2,3,2,65,5,29,4.31
2024-05-26,6,5,2024,0,16,4,1,10,8,37,6,5,3.44
2024-05-27,0,5,2024,0,48,9,8,7,13,120,18,25,4.03
2024-05-28,1,5,2024,0,49,11,11,4,11,127,17,6,3.56
2024-05-29,2,5,2024,0,48,5,7,11,16,116,22,36,4.19
2024-05-30,3,5,2024,0,38,7,8,14,13,91,15,31,3.64
2024-05-31,4,5,2024,0,54,9,8,11,18,136,23,40,3.94
2024-06-01,5,6,2024,0,31,3,5,10,3,70,12,34,3.92
2024-06-02,6,6,2024,0,21,2,3,11,8,35,8,51,4.37
2024-06-03,0,6,2024,0,47,5,10,14,12,111,18,18,4.0
2024-06-04,1,6,2024,0,26,4,5,6,8,67,11,32,4.4
2024-06-05,2,6,2024,0,39,7,5,7,10,91,18,41,3.58
2024-06-06,3,6,2024,0,38,3,6,6,7,88,15,44,4.2
2024-06-07,4,6,2024,0,40,6,9,8,12,82,18,21,3.74
2024-06-08,5,6,2024,0,22,3,5,14,1,57,11,37,3.54
2024-06-09,6,6,2024,0,23,3,2,13,6,52,7,37,4.23
2024-06-10,0,6,2024,0,35,5,3,3,14,105,14,38,3.95
2024-06-11,1,6,2024,0,34,9,5,7,10,84,13,42,3.67
2024-06-12,2,6,2024,0,38,10,7,5,10,104,13,38,4.13
2024-06-13,3,6,2024,0,45,8,8,9,11,127,21,29,3.53
2024-06-14,4,6,2024,0,44,8,6,11,11,101,19,37,4.08
2024-06-15,5,6,2024,0,32,6,4,7,9,73,15,40,4.1
2024-06-16,6,6,2024,0,7,1,1,10,0,15,5,31,4.24
2024-06-17,0,6,2024,0,55,13,9,9,17,145,20,25,3.65
2024-06-18,1,6,2024,0,28,8,2,5,7,77,10,43,3.68
2024-06-19,2,6,2024,0,38,7,9,6,7,85,14,18,3.87
2024-06-20,3,6,2024,0,46,5,4,8,14,105,17,43,3.93
2024-06-21,4,6,2024,0,37,6,4,8,8,93,14,23,3.65
2024-06-22,5,6,2024,0,19,5,2,11,10,39,7,32,3.65
2024-06-23,6,6,2024,0,21,3,3,4,2,49,5,25,3.85
2024-06-24,0,6,2024,0,53,8,11,2,17,143,18,31,4.03
2024-06-25,1,6,2024,0,34,9,3,8,8,109,17,19,4.23
2024-06-26,2,6,2024,0,29,3,4,11,6,61,8,43,4.27
2024-06-27,3,6,2024,0,31,3,6,7,12,62,16,26,3.99
2024-06-28,4,6,2024,0,64,18,7,6,18,172,24,51,3.21
2024-06-29,5,6,2024,0,36,8,8,10,11,94,16,12,3.88
2024-06-30,6,6,2024,0,37,3,6,12,9,72,16,50,4.14
2024-07-01,0,7,2024,0,43,10,5,2,10,98,17,39,3.69
2024-07-02,1,7,2024,0,39,6,5,9,16,91,15,13,3.92
2024-07-03,2,7,2024,0,43,11,4,10,12,110,21,34,4.55
2024-07-04,3,7,2024,0,50,9,6,13,13,118,20,50,3.99
2024-07-05,4,7,2024,0,52,8,8,1,17,115,20,32,4.14
2024-07-06,5,7,2024,0,21,4,3,13,6,66,7,34,3.87
2024-07-07,6,7,2024,0,17,4,3,3,4,38,9,39,4.05
2024-07-08,0,7,2024,0,55,6,4,5,14,131,21,41,3.26
2024-07-09,1,7,2024,0,39,5,5,7,12,87,15,7,3.78
2024-07-10,2,7,2024,0,29,8,6,8,9,83,13,34,3.66
2024-07-11,3,7,2024,0,45,9,6,10,11,111,19,55,3.7
2024-07-12,4,7,2024,0,43,5,9,9,11,129,16,49,3.7
2024-07-13,5,7,2024,0,25,6,3,7,6,61,7,23,3.79
2024-07-14,6,7,2024,0,17,4,3,10,4,51,9,29,4.51
2024-07-15,0,7,2024,0,47,5,7,9,14,126,19,31,3.63
2024-07-16,1,7,2024,0,38,5,8,6,13,93,15,43,3.92
2024-07-17,2,7,2024,0,39,4,8,4,12,112,14,17,3.28
2024-07-18,3,7,2024,0,36,6,3,9,10,104,14,5,4.03
2024-07-19,4,7,2024,0,48,6,11,4,14,119,21,20,3.77
2024-07-20,5,7,2024,0,27,4,4,2,5,66,9,44,3.69
2024-07-21,6,7,2024,0,13,2,2,9,6,41,6,22,4.25
2024-07-22,0,7,2024,0,55,11,6,3,14,137,26,32,3.75
2024-07-23,1,7,2024,0,42,10,8,11,12,109,16,22,3.54
2024-07-24,2,7,2024,0,46,8,9,13,16,87,20,31,3.64
2024-07-25,3,7,2024,0,43,12,3,5,10,108,16,26,3.4
2024-07-26,4,7,2024,0,47,8,4,5,15,103,20,26,3.62
2024-07-27,5,7,2024,0,22,5,4,8,5,46,8,19,3.73
2024-07-28,6,7,2024,0,28,6,5,4,8,67,12,30,4.11
2024-07-29,0,7,2024,0,51,10,9,11,12,132,22,56,3.7
2024-07-30,1,7,2024,0,48,8,8,4,15,131,16,18,3.53
2024-07-31,2,7,2024,0,31,8,5,5,6,78,11,43,3.65
2024-08-01,3,8,2024,0,36,4,8,8,11,96,15,20,4.13
2024-08-02,4,8,2024,0,51,9,7,8,16,132,19,30,3.49
2024-08-03,5,8,2024,0,25,6,3,6,6,88,5,17,3.97
2024-08-04,6,8,2024,0,14,3,2,7,4,14,5,35,3.61
2024-08-05,0,8,2024,0,39,10,6,9,14,90,14,37,3.75
2024-08-06,1,8,2024,0,38,8,8,8,12,109,13,36,3.77
2024-08-07,2,8,2024,0,33,9,5,7,8,78,14,23,3.27
2024-08-08,3,8,2024,0,45,10,9,7,10,120,12,33,3.65
2024-08-09,4,8,2024,0,44,4,4,10,15,109,16,41,3.65
2024-08-10,5,8,2024,0,18,3,3,8,0,37,8,30,4.17
2024-08-11,6,8,2024,0,15,2,3,5,3,46,5,29,4.06
2024-08-12,0,8,2024,0,38,5,3,9,7,81,16,44,4.13
2024-08-13,1,8,2024,0,32,8,7,3,11,77,15,14,3.99
2024-08-14,2,8,2024,0,51,5,5,9,14,127,20,22,3.71
2024-08-15,3,8,2024,0,32,4,3,3,12,72,11,37,4.02
2024-08-16,4,8,2024,0,46,12,7,10,15,118,22,25,3.81
2024-08-17,5,8,2024,0,27,5,6,8,6,55,8,34,4.05
2024-08-18,6,8,2024,0,27,7,4,14,9,65,11,16,4.03
2024-08-19,0,8,2024,0,53,6,12,2,15,132,20,25,3.2
2024-08-20,1,8,2024,0,38,7,6,4,11,94,16,26,4.07
2024-08-21,2,8,2024,0,34,8,8,7,8,87,8,31,3.92
2024-08-22,3,8,2024,0,52,15,9,2,17,129,24,27,3.53
2024-08-23,4,8,2024,0,59,15,12,14,18,158,25,48,3.85
2024-08-24,5,8,2024,0,27,5,5,10,7,46,9,33,4.16
2024-08-25,6,8,2024,0,22,4,4,5,7,37,7,20,3.75
2024-08-26,0,8,2024,0,50,10,9,10,18,125,20,43,3.53
2024-08-27,1,8,2024,0,41,4,4,16,15,89,17,35,3.72
2024-08-28,2,8,2024,0,30,5,5,10,9,72,12,23,4.01
2024-08-29,3,8,2024,0,38,6,8,7,12,96,15,18,4.11
2024-08-30,4,8,2024,0,41,8,3,10,10,127,18,42,4.24
2024-08-31,5,8,2024,0,23,5,5,7,4,64,6,15,3.34
2024-09-01,6,9,2024,0,23,6,3,13,8,43,10,38,4.16
2024-09-02,0,9,2024,0,49,10,5,8,18,122,17,37,4.19
2024-09-03,1,9,2024,0,46,11,6,14,19,128,18,18,3.8
2024-09-04,2,9,2024,0,37,8,4,5,11,92,15,33,4.31
2024-09-05,3,9,2024,0,49,13,4,5,16,106,20,29,3.33
2024-09-06,4,9,2024,0,45,6,10,5,11,103,20,17,3.92
2024-09-07,5,9,2024,0,28,4,5,8,8,81,8,31,4.15
2024-09-08,6,9,2024,0,22,2,5,6,3,56,10,32,3.82
2024-09-09,0,9,2024,0,61,11,6,4,16,152,22,34,3.37
2024-09-10,1,9,2024,0,45,9,3,6,15,122,16,42,3.73
2024-09-11,2,9,2024,0,47,13,10,11,15,118,16,15,4.33
2024-09-12,3,9,2024,0,52,10,4,13,15,116,20,46,4.12
2024-09-13,4,9,2024,0,43,5,10,8,14,107,18,32,3.38
2024-09-14,5,9,2024,0,32,6,4,4,10,77,14,31,3.89
2024-09-15,6,9,2024,0,26,4,3,6,4,64,9,43,3.61
2024-09-16,0,9,2024,0,59,6,13,13,15,144,24,51,3.12
2024-09-17,1,9,2024,0,43,9,9,7,12,92,18,27,3.56
2024-09-18,2,9,2024,0,38,5,3,7,13,98,17,43,3.38
2024-09-19,3,9,2024,0,49,14,9,17,13,121,19,40,3.81
2024-09-20,4,9,2024,0,59,14,14,13,18,155,27,49,3.45
2024-09-21,5,9,2024,0,44,8,6,4,15,95,17,36,4.1
2024-09-22,6,9,2024,0,25,5,4,11,8,62,11,5,3.77
2024-09-23,0,9,2024,0,59,12,10,7,16,150,24,38,3.4
2024-09-24,1,9,2024,0,40,10,5,4,11,91,16,46,3.88
2024-09-25,2,9,2024,0,39,10,5,9,13,79,18,39,4.12
2024-09-26,3,9,2024,0,47,7,7,6,14,125,21,32,3.62
2024-09-27,4,9,2024,0,44,6,3,12,14,112,17,32,3.37
2024-09-28,5,9,2024,0,31,6,4,6,11,79,13,25,3.81
2024-09-29,6,9,2024,0,16,1,1,0,0,33,7,32,4.37
2024-09-30,0,9,2024,0,49,5,4,2,13,125,21,35,3.34
2024-10-01,1,10,2024,0,57,14,13,7,17,130,21,42,3.72
2024-10-02,2,10,2024,0,48,10,9,11,15,106,23,27,3.74
2024-10-03,3,10,2024,0,37,6,3,13,12,97,14,27,3.72
2024-10-04,4,10,2024,0,59,6,12,6,17,148,20,13,3.48
2024-10-05,5,10,2024,0,25,6,3,9,5,66,6,39,4.48
2024-10-06,6,10,2024,0,23,4,3,4,9,44,9,53,3.94
2024-10-07,0,10,2024,0,50,14,4,6,17,122,21,38,2.85
2024-10-08,1,10,2024,0,38,11,5,6,11,87,15,36,3.82
2024-10-09,2,10,2024,0,43,11,9,4,13,94,15,31,3.57
2024-10-10,3,10,2024,0,56,9,11,13,16,141,25,41,3.73
2024-10-11,4,10,2024,0,51,10,7,8,13,121,16,26,3.7
2024-10-12,5,10,2024,0,27,3,3,7,8,65,11,49,4.14
2024-10-13,6,10,2024,0,28,7,3,4,9,68,11,28,4.03
2024-10-14,0,10,2024,0,68,18,10,10,19,164,26,44,3.64
2024-10-15,1,10,2024,0,42,5,8,11,13,110,16,41,3.43
2024-10-16,2,10,2024,0,34,9,4,5,14,95,13,45,4.27
2024-10-17,3,10,2024,0,49,12,4,6,14,119,19,34,3.42
2024-10-18,4,10,2024,0,47,9,7,4,14,111,17,15,3.83
2024-10-19,5,10,2024,0,45,7,4,6,14,130,21,52,3.88
2024-10-20,6,10,2024,0,19,2,2,6,7,40,10,36,3.9
2024-10-21,0,10,2024,0,56,12,4,6,17,155,18,45,3.16
2024-10-22,1,10,2024,0,54,10,5,14,17,127,20,28,3.54
2024-10-23,2,10,2024,0,48,5,10,9,19,129,18,33,3.93
2024-10-24,3,10,2024,0,49,9,9,9,17,124,20,38,3.51
2024-10-25,4,10,2024,0,53,6,7,3,15,131,23,52,3.56
2024-10-26,5,10,2024,0,30,6,7,10,10,67,11,15,4.18
2024-10-27,6,10,2024,0,23,5,4,11,7,59,5,36,4.0
2024-10-28,0,10,2024,0,58,9,10,8,14,140,22,37,3.13
2024-10-29,1,10,2024,0,38,9,3,9,11,108,14,42,4.29
2024-10-30,2,10,2024,0,36,9,4,9,12,95,15,36,3.61
2024-10-31,3,10,2024,0,39,11,9,7,8,90,17,32,3.38
2024-11-01,4,11,2024,0,66,16,7,4,19,165,29,18,3.66
2024-11-02,5,11,2024,0,41,4,4,8,10,100,18,31,4.01
2024-11-03,6,11,2024,0,39,9,8,3,14,111,19,23,3.75
2024-11-04,0,11,2024,0,66,10,11,3,23,168,26,23,3.08
2024-11-05,1,11,2024,0,66,11,10,7,21,163,27,35,3.38
2024-11-06,2,11,2024,0,58,8,8,14,20,135,21,43,3.53
2024-11-07,3,11,2024,0,63,9,9,9,18,160,26,28,3.43
2024-11-08,4,11,2024,0,63,7,9,9,20,146,28,41,3.99
2024-11-09,5,11,2024,0,45,8,5,12,13,114,16,30,4.01
2024-11-10,6,11,2024,0,39,9,3,8,17,90,14,20,3.69
2024-11-11,0,11,2024,0,58,12,6,6,19,131,20,21,4.28
2024-11-12,1,11,2024,0,59,14,14,10,19,131,19,32,3.67
2024-11-13,2,11,2024,0,60,17,7,3,17,160,26,32,3.58
2024-11-14,3,11,2024,0,64,10,6,11,17,163,25,31,3.17
2024-11-15,4,11,2024,0,76,11,18,7,25,187,31,49,3.83
2024-11-16,5,11,2024,0,42,11,7,9,13,99,18,37,3.58
2024-11-17,6,11,2024,0,25,4,3,6,8,62,13,20,3.65
2024-11-18,0,11,2024,0,63,16,6,8,17,166,22,20,3.48
2024-11-19,1,11,2024,0,61,15,12,13,21,139,24,38,3.4
2024-11-20,2,11,2024,0,58,5,11,8,18,133,22,52,3.68
2024-11-21,3,11,2024,0,52,9,5,5,15,126,21,31,3.73
2024-11-22,4,11,2024,0,62,12,6,4,19,163,24,44,3.44
2024-11-23,5,11,2024,0,46,12,8,7,14,114,17,45,3.84
2024-11-24,6,11,2024,0,30,6,3,11,11,63,9,22,4.15
2024-11-25,0,11,2024,0,58,11,6,5,15,156,23,52,3.77
2024-11-26,1,11,2024,0,72,20,11,12,22,177,28,37,3.41
2024-11-27,2,11,2024,0,48,11,11,10,15,116,18,26,4.04
2024-11-28,3,11,2024,0,57,11,12,10,19,132,22,34,3.51
2024-11-29,4,11,2024,0,57,16,12,5,15,133,22,36,3.55
2024-11-30,5,11,2024,0,38,5,7,3,12,96,16,39,3.88
2024-12-01,6,12,2024,0,54,7,5,12,14,147,20,18,3.66
2024-12-02,0,12,2024,0,61,7,6,11,18,157,23,29,3.67
2024-12-03,1,12,2024,0,44,11,9,6,12,117,22,28,3.84
2024-12-04,2,12,2024,0,50,8,11,9,14,133,21,21,3.62
2024-12-05,3,12,2024,0,53,12,4,9,13,128,22,30,3.58
2024-12-06,4,12,2024,0,61,9,11,3,18,160,23,38,3.57
2024-12-07,5,12,2024,0,40,9,9,7,13,92,13,21,3.68
2024-12-08,6,12,2024,0,32,9,6,9,11,81,13,35,4.32
2024-12-09,0,12,2024,0,78,16,9,9,24,177,33,46,3.29
2024-12-10,1,12,2024,0,50,6,11,8,12,129,23,44,3.71
2024-12-11,2,12,2024,0,56,15,9,7,16,131,23,38,3.57
2024-12-12,3,12,2024,0,63,13,12,9,21,142,27,39,3.78
2024-12-13,4,12,2024,0,60,16,6,3,14,151,21,32,3.18
2024-12-14,5,12,2024,0,51,11,5,6,13,133,20,38,4.02
2024-12-15,6,12,2024,0,29,4,3,10,10,66,9,29,4.11
2024-12-16,0,12,2024,0,70,15,5,11,24,170,25,47,3.62
2024-12-17,1,12,2024,0,64,11,10,8,20,170,25,51,3.64
2024-12-18,2,12,2024,0,65,10,12,8,22,174,26,52,4.18
2024-12-19,3,12,2024,0,59,17,5,10,16,151,22,32,3.67
2024-12-20,4,12,2024,0,54,13,6,9,15,121,22,39,3.37
2024-12-21,5,12,2024,0,43,8,9,7,14,92,20,60,3.89
2024-12-22,6,12,2024,0,31,6,2,5,8,81,12,30,3.77
2024-12-23,0,12,2024,0,72,7,9,13,26,197,29,37,3.01
2024-12-24,1,12,2024,0,53,6,9,7,17,139,24,9,3.44
2024-12-25,2,12,2024,1,29,8,6,8,10,80,12,30,3.47
2024-12-26,3,12,2024,1,37,8,7,7,11,93,17,34,3.76
2024-12-27,4,12,2024,0,57,6,8,10,14,138,24,33,3.83
2024-12-28,5,12,2024,0,40,5,8,9,10,117,18,32,4.01
2024-12-29,6,12,2024,0,30,5,5,8,6,69,11,39,3.91
2024-12-30,0,12,2024,0,67,19,15,3,19,159,27,53,3.07
2024-12-31,1,12,2024,1,35,10,3,11,11,93,15,32,4.05
2025-01-01,2,1,2025,1,26,2,2,4,8,51,8,19,3.74
2025-01-02,3,1,2025,0,62,7,4,9,18,170,25,43,3.52
2025-01-03,4,1,2025,0,66,17,16,7,19,166,27,30,3.31
2025-01-04,5,1,2025,0,47,4,9,5,12,135,20,35,3.98
2025-01-05,6,1,2025,0,30,6,7,11,9,73,9,26,3.76
2025-01-06,0,1,2025,0,67,10,7,8,18,169,26,47,4.13
2025-01-07,1,1,2025,0,60,10,9,5,19,143,23,39,3.69
2025-01-08,2,1,2025,0,70,13,14,8,22,175,31,46,3.84
2025-01-09,3,1,2025,0,56,11,10,10,16,149,23,39,3.15
2025-01-10,4,1,2025,0,72,13,17,5,21,176,25,63,3.2
2025-01-11,5,1,2025,0,44,11,4,7,15,97,15,37,3.83
2025-01-12,6,1,2025,0,39,10,8,12,15,77,14,40,3.87
2025-01-13,0,1,2025,0,60,15,8,9,21,150,24,43,4.17
2025-01-14,1,1,2025,0,46,7,9,6,16,111,17,36,3.57
2025-01-15,2,1,2025,0,45,11,8,2,13,109,17,45,4.02
2025-01-16,3,1,2025,0,62,17,10,15,18,159,25,27,4.1
2025-01-17,4,1,2025,0,55,15,10,9,15,136,19,45,3.37
2025-01-18,5,1,2025,0,40,11,3,5,13,115,15,52,3.55
2025-01-19,6,1,2025,0,47,10,8,10,13,112,20,44,3.33
2025-01-20,0,1,2025,0,50,5,9,8,16,121,23,14,3.59
2025-01-21,1,1,2025,0,57,13,5,8,15,143,25,26,3.66
2025-01-22,2,1,2025,0,51,11,10,8,15,132,21,32,3.41
2025-01-23,3,1,2025,0,52,10,9,5,15,102,22,36,3.61
2025-01-24,4,1,2025,0,57,13,13,6,14,139,21,16,3.83
2025-01-25,5,1,2025,0,55,11,7,5,15,136,22,31,3.39
2025-01-26,6,1,2025,0,36,6,5,11,12,89,16,23,3.53
2025-01-27,0,1,2025,0,65,13,6,9,19,159,24,53,3.66
2025-01-28,1,1,2025,0,51,12,10,5,15,135,18,38,3.53
2025-01-29,2,1,2025,0,60,14,9,7,18,144,25,29,3.29
2025-01-30,3,1,2025,0,56,9,5,8,14,131,24,32,3.97
2025-01-31,4,1,2025,0,62,8,10,9,17,134,27,33,3.49
2025-02-01,5,2,2025,0,48,11,8,5,14,120,18,25,4.03
2025-02-02,6,2,2025,0,41,9,4,9,9,112,16,51,3.61
2025-02-03,0,2,2025,0,87,17,18,2,26,199,35,38,3.85
2025-02-04,1,2,2025,0,55,6,8,3,18,135,18,27,3.81
2025-02-05,2,2,2025,0,57,12,6,10,15,140,23,34,3.68
2025-02-06,3,2,2025,0,53,12,9,7,16,132,23,38,3.44
2025-02-07,4,2,2025,0,60,9,8,8,17,174,24,44,3.35
2025-02-08,5,2,2025,0,39,4,3,6,11,109,13,41,3.43
2025-02-09,6,2,2025,0,42,11,9,4,12,106,19,35,3.81
2025-02-10,0,2,2025,0,65,9,9,12,19,153,27,35,3.59
2025-02-11,1,2,2025,0,64,17,7,6,19,151,25,36,3.46
2025-02-12,2,2,2025,0,71,20,13,5,24,175,27,29,3.63
2025-02-13,3,2,2025,0,61,8,9,4,22,140,20,28,3.66
2025-02-14,4,2,2025,0,57,15,8,9,15,145,23,34,4.16
2025-02-15,5,2,2025,0,27,3,6,10,7,43,13,17,4.37
2025-02-16,6,2,2025,0,31,3,4,9,9,73,12,19,3.39
2025-02-17,0,2,2025,0,60,8,8,8,18,143,22,29,3.41
2025-02-18,1,2,2025,0,44,6,9,11,15,125,18,18,3.63
2025-02-19,2,2,2025,0,49,9,6,10,18,128,22,28,3.36
2025-02-20,3,2,2025,0,50,10,9,11,13,138,14,25,4.17
2025-02-21,4,2,2025,0,61,13,14,9,14,160,20,33,3.74
2025-02-22,5,2,2025,0,33,6,8,12,11,90,5,28,4.33
2025-02-23,6,2,2025,0,40,5,8,2,12,88,15,37,3.98
2025-02-24,0,2,2025,0,61,10,13,9,17,151,27,33,3.36
2025-02-25,1,2,2025,0,55,6,4,12,14,127,21,32,3.28
2025-02-26,2,2,2025,0,49,8,8,8,16,114,22,35,3.97
2025-02-27,3,2,2025,0,56,16,10,10,16,161,22,23,3.55
2025-02-28,4,2,2025,0,57,5,10,11,20,142,21,22,4.17
2025-03-01,5,3,2025,0,37,5,8,6,10,97,15,32,3.85
2025-03-02,6,3,2025,0,16,4,1,9,7,44,5,40,3.76
2025-03-03,0,3,2025,0,53,8,12,5,19,131,22,30,3.37
2025-03-04,1,3,2025,0,45,7,10,5,13,119,17,34,4.15
2025-03-05,2,3,2025,0,44,9,6,9,15,107,16,42,3.13
2025-03-06,3,3,2025,0,49,12,8,10,12,111,18,31,3.15
2025-03-07,4,3,2025,0,50,6,9,11,17,130,18,38,3.33
2025-03-08,5,3,2025,0,20,4,2,8,3,47,5,29,3.73
2025-03-09,6,3,2025,0,17,4,2,10,0,46,8,22,4.54
2025-03-10,0,3,2025,0,48,9,6,5,14,123,16,39,3.75
2025-03-11,1,3,2025,0,32,7,3,8,9,97,12,29,3.64
2025-03-12,2,3,2025,0,46,9,8,11,9,114,24,36,3.91
2025-03-13,3,3,2025,0,50,7,11,11,14,140,20,39,3.05
2025-03-14,4,3,2025,0,51,11,10,9,15,133,20,17,4.08
2025-03-15,5,3,2025,0,17,1,2,2,5,35,8,35,4.54
2025-03-16,6,3,2025,0,23,4,4,7,7,72,9,30,4.16
2025-03-17,0,3,2025,0,49,14,9,10,13,121,17,15,3.71
2025-03-18,1,3,2025,0,44,4,9,13,15,110,18,40,4.09
2025-03-19,2,3,2025,0,55,10,5,9,16,117,21,28,4.01
2025-03-20,3,3,2025,0,42,4,5,3,11,114,18,37,4.35
2025-03-21,4,3,2025,0,46,6,5,13,15,121,18,30,3.33
2025-03-22,5,3,2025,0,32,6,5,3,9,84,13,33,3.95
2025-03-23,6,3,2025,0,29,5,3,11,5,55,10,30,4.02
2025-03-24,0,3,2025,0,54,6,7,5,17,142,20,28,4.03
2025-03-25,1,3,2025,0,39,8,8,8,12,90,12,18,3.64
2025-03-26,2,3,2025,0,52,12,6,3,15,153,23,42,3.22
2025-03-27,3,3,2025,0,43,9,8,4,15,103,13,28,3.69
2025-03-28,4,3,2025,0,53,5,4,7,17,131,22,34,4.22
2025-03-29,5,3,2025,0,34,9,2,12,13,105,11,33,3.67
2025-03-30,6,3,2025,0,26,6,4,9,4,73,11,21,3.89
2025-03-31,0,3,2025,0,62,7,15,11,18,161,25,26,4.04
2025-04-01,1,4,2025,0,50,6,7,8,16,141,20,57,3.94
2025-04-02,2,4,2025,0,51,15,11,6,15,127,22,27,3.27
2025-04-03,3,4,2025,0,48,5,10,5,14,117,17,27,3.88
2025-04-04,4,4,2025,0,53,10,5,5,16,136,20,38,3.08
2025-04-05,5,4,2025,0,24,7,5,15,1,81,6,34,3.88
2025-04-06,6,4,2025,0,18,3,3,14,4,46,6,28,3.78
2025-04-07,0,4,2025,0,56,12,7,13,16,149,23,38,4.25
2025-04-08,1,4,2025,0,48,10,5,5,9,125,18,41,3.44
2025-04-09,2,4,2025,0,47,10,8,6,11,120,17,39,3.48
2025-04-10,3,4,2025,0,35,3,7,12,13,85,12,18,4.08
2025-04-11,4,4,2025,0,50,12,11,5,17,134,20,32,3.6
2025-04-12,5,4,2025,0,23,5,5,3,6,43,9,36,3.77
2025-04-13,6,4,2025,0,19,3,2,7,5,59,9,11,3.37
2025-04-14,0,4,2025,0,47,12,5,11,14,100,19,37,3.75
2025-04-15,1,4,2025,0,35,7,8,8,10,93,16,23,3.84
2025-04-16,2,4,2025,0,42,4,9,5,12,103,19,28,3.71
2025-04-17,3,4,2025,0,47,9,5,9,17,119,20,31,3.77
2025-04-18,4,4,2025,0,57,10,10,7,17,119,22,41,3.82
2025-04-19,5,4,2025,0,27,6,4,11,10,59,10,40,3.97
2025-04-20,6,4,2025,0,21,4,2,8,3,49,7,28,3.91
2025-04-21,0,4,2025,0,44,9,6,6,13,109,17,30,3.98
2025-04-22,1,4,2025,0,46,8,10,5,14,134,19,45,4.09
2025-04-23,2,4,2025,0,52,13,12,5,16,129,22,43,3.88
2025-04-24,3,4,2025,0,48,13,7,6,13,125,19,26,3.89
2025-04-25,4,4,2025,0,44,11,10,11,14,118,18,26,3.81
2025-04-26,5,4,2025,0,28,5,3,6,8,68,9,24,3.72
2025-04-27,6,4,2025,0,21,5,2,6,8,62,8,24,4.3
2025-04-28,0,4,2025,0,51,11,5,10,14,128,18,33,3.55
2025-04-29,1,4,2025,0,48,6,11,9,9,114,20,50,3.57
2025-04-30,2,4,2025,0,39,4,4,7,10,103,17,39,3.93
2025-05-01,3,5,2025,1,15,1,1,12,6,36,5,40,4.31
2025-05-02,4,5,2025,0,45,10,8,8,14,115,14,25,3.8
2025-05-03,5,5,2025,0,40,8,5,12,11,97,15,27,3.83
2025-05-04,6,5,2025,0,18,2,2,9,1,18,8,46,4.42
2025-05-05,0,5,2025,0,53,12,6,1,16,132,25,42,3.67
2025-05-06,1,5,2025,0,49,12,8,0,16,133,21,37,3.9
2025-05-07,2,5,2025,0,37,9,5,7,10,89,13,24,3.96
2025-05-08,3,5,2025,0,48,10,11,4,9,116,19,55,3.64
2025-05-09,4,5,2025,0,53,9,13,5,15,118,20,44,3.92
2025-05-10,5,5,2025,0,29,6,2,7,8,78,9,27,3.62
2025-05-11,6,5,2025,0,29,5,3,7,4,84,15,32,3.91
2025-05-12,0,5,2025,0,68,14,15,11,17,177,28,36,3.43
2025-05-13,1,5,2025,0,38,10,5,9,12,78,19,44,3.98
2025-05-14,2,5,2025,0,38,10,7,6,13,106,14,28,3.99
2025-05-15,3,5,2025,0,37,9,8,6,9,84,17,33,4.23
2025-05-16,4,5,2025,0,48,10,10,5,12,110,18,28,3.54
2025-05-17,5,5,2025,0,37,4,3,8,9,93,16,23,3.79
2025-05-18,6,5,2025,0,26,5,3,6,6,69,7,28,4.03
2025-05-19,0,5,2025,0,51,11,7,11,14,126,20,26,3.39
2025-05-20,1,5,2025,0,53,11,11,10,19,130,24,17,3.58
2025-05-21,2,5,2025,0,51,10,9,8,15,110,21,20,3.67
2025-05-22,3,5,2025,0,43,11,10,5,13,109,22,26,3.59
2025-05-23,4,5,2025,0,50,7,10,6,18,124,21,42,3.37
2025-05-24,5,5,2025,0,31,8,5,9,6,87,15,7,3.7
2025-05-25,6,5,2025,0,25,2,2,7,7,60,10,19,3.8
2025-05-26,0,5,2025,0,63,14,15,2,16,162,23,26,3.1
2025-05-27,1,5,2025,0,61,17,12,10,16,167,24,35,4.14
2025-05-28,2,5,2025,0,44,7,8,7,15,121,16,37,3.69
2025-05-29,3,5,2025,0,40,9,7,8,9,126,16,25,4.12
2025-05-30,4,5,2025,0,62,11,6,9,17,138,29,44,3.7
2025-05-31,5,5,2025,0,23,4,2,7,9,55,11,53,3.75
2025-06-01,6,6,2025,0,26,4,2,6,7,64,7,16,3.9
2025-06-02,0,6,2025,0,46,10,6,7,16,104,16,15,3.72
2025-06-03,1,6,2025,0,42,9,4,6,16,106,13,25,3.58
2025-06-04,2,6,2025,0,41,10,6,3,11,107,18,24,3.82
2025-06-05,3,6,2025,0,30,5,4,9,7,79,10,39,4.64
2025-06-06,4,6,2025,0,47,11,5,11,13,122,20,42,3.48
2025-06-07,5,6,2025,0,26,2,3,8,7,79,9,36,3.85
2025-06-08,6,6,2025,0,28,4,5,2,4,67,13,29,4.07
2025-06-09,0,6,2025,0,46,7,9,5,14,121,21,37,3.67
2025-06-10,1,6,2025,0,42,4,4,6,13,94,16,43,3.47
2025-06-11,2,6,2025,0,35,4,6,11,13,81,14,55,3.92
2025-06-12,3,6,2025,0,41,9,6,11,11,112,17,43,3.43
2025-06-13,4,6,2025,0,38,7,9,11,11,98,14,46,4.22
2025-06-14,5,6,2025,0,25,4,2,9,8,57,7,28,4.18
2025-06-15,6,6,2025,0,7,1,1,3,1,6,5,18,3.87
2025-06-16,0,6,2025,0,50,12,9,4,14,116,20,33,3.34
2025-06-17,1,6,2025,0,44,5,8,8,12,105,20,40,4.02
2025-06-18,2,6,2025,0,31,7,2,6,11,84,13,20,4.23
2025-06-19,3,6,2025,0,37,10,9,8,6,87,17,26,3.06
2025-06-20,4,6,2025,0,41,7,7,3,15,107,17,26,3.77
2025-06-21,5,6,2025,0,20,5,1,8,2,48,5,47,4.38
2025-06-22,6,6,2025,0,26,6,6,5,10,70,13,29,3.84
2025-06-23,0,6,2025,0,47,7,7,5,17,109,22,33,3.23
2025-06-24,1,6,2025,0,42,6,9,7,13,107,15,30,3.78
2025-06-25,2,6,2025,0,41,9,9,11,14,114,18,35,3.9
2025-06-26,3,6,2025,0,28,4,6,7,9,69,11,15,3.29
2025-06-27,4,6,2025,0,44,6,8,0,12,112,16,37,3.91
2025-06-28,5,6,2025,0,16,3,3,7,5,36,5,26,4.47
2025-06-29,6,6,2025,0,17,4,1,0,6,47,5,36,4.5
2025-06-30,0,6,2025,0,50,12,6,6,16,113,17,48,2.86
2025-07-01,1,7,2025,0,35,4,3,11,12,89,13,22,3.94
2025-07-02,2,7,2025,0,35,8,8,17,8,86,13,23,4.13
2025-07-03,3,7,2025,0,34,9,3,5,9,96,15,33,3.26
2025-07-04,4,7,2025,0,40,11,4,4,16,90,17,29,3.74
2025-07-05,5,7,2025,0,25,6,4,4,7,54,10,17,4.54
2025-07-06,6,7,2025,0,23,5,3,13,5,69,5,43,3.98
2025-07-07,0,7,2025,0,47,10,3,6,13,116,18,55,3.63
2025-07-08,1,7,2025,0,42,10,3,3,14,99,18,22,3.55
2025-07-09,2,7,2025,0,41,7,7,7,10,110,18,20,3.75
2025-07-10,3,7,2025,0,36,4,3,7,11,77,16,14,3.57
2025-07-11,4,7,2025,0,50,9,11,2,14,117,20,25,4.09
2025-07-12,5,7,2025,0,29,7,6,9,8,90,12,26,3.87
2025-07-13,6,7,2025,0,21,4,4,6,9,44,8,44,4.16
2025-07-14,0,7,2025,0,51,8,5,7,17,131,21,44,4.06
2025-07-15,1,7,2025,0,40,4,4,6,7,107,17,45,4.03
2025-07-16,2,7,2025,0,47,7,8,10,11,115,17,35,3.91
2025-07-17,3,7,2025,0,37,8,6,10,8,99,17,22,3.75
2025-07-18,4,7,2025,0,54,14,6,11,14,154,20,43,3.42
2025-07-19,5,7,2025,0,28,3,3,7,8,69,8,33,3.42
2025-07-20,6,7,2025,0,28,4,2,6,8,89,14,13,4.19
2025-07-21,0,7,2025,0,49,12,11,8,15,128,20,41,3.4
2025-07-22,1,7,2025,0,35,6,5,4,11,86,10,36,4.18
2025-07-23,2,7,2025,0,45,9,4,9,18,111,18,28,3.73
2025-07-24,3,7,2025,0,37,7,8,8,12,75,20,23,4.06
2025-07-25,4,7,2025,0,52,12,12,8,15,127,20,30,3.66
2025-07-26,5,7,2025,0,27,4,6,11,13,67,12,28,3.95
2025-07-27,6,7,2025,0,15,2,3,4,7,28,5,34,4.44
2025-07-28,0,7,2025,0,42,9,4,5,10,122,19,41,3.49
2025-07-29,1,7,2025,0,44,12,5,2,10,108,19,30,3.41
2025-07-30,2,7,2025,0,33,8,6,5,12,67,11,25,4.16
2025-07-31,3,7,2025,0,38,9,4,7,12,84,15,48,3.8
2025-08-01,4,8,2025,0,44,8,7,8,12,93,19,25,3.76
2025-08-02,5,8,2025,0,22,5,4,5,7,67,8,36,3.69
2025-08-03,6,8,2025,0,26,7,2,6,6,77,13,7,4.12
2025-08-04,0,8,2025,0,48,6,10,7,13,111,20,20,3.68
2025-08-05,1,8,2025,0,48,12,9,12,15,108,21,38,3.95
2025-08-06,2,8,2025,0,45,8,6,9,13,110,16,23,3.74
2025-08-07,3,8,2025,0,41,6,6,5,12,95,17,43,3.31
2025-08-08,4,8,2025,0,43,10,3,9,11,125,17,28,3.68
2025-08-09,5,8,2025,0,26,7,3,12,8,78,8,35,3.64
2025-08-10,6,8,2025,0,12,2,1,13,5,39,5,43,3.89
2025-08-11,0,8,2025,0,50,14,9,10,13,121,15,34,3.51
2025-08-12,1,8,2025,0,43,11,6,7,11,103,16,32,3.38
2025-08-13,2,8,2025,0,43,7,5,3,12,109,16,49,3.72
2025-08-14,3,8,2025,0,37,3,3,8,12,93,20,32,3.79
2025-08-15,4,8,2025,0,44,7,8,9,12,109,15,30,3.33
2025-08-16,5,8,2025,0,29,3,2,8,11,69,8,36,3.72
2025-08-17,6,8,2025,0,10,2,2,8,3,18,5,24,3.8
2025-08-18,0,8,2025,0,52,6,4,8,19,134,20,29,3.95
2025-08-19,1,8,2025,0,41,10,4,5,14,94,16,31,3.82
2025-08-20,2,8,2025,0,25,4,2,11,9,70,9,33,3.63
2025-08-21,3,8,2025,0,44,5,8,11,12,108,16,36,3.39
2025-08-22,4,8,2025,0,56,6,5,13,16,134,21,17,3.62
2025-08-23,5,8,2025,0,35,7,4,9,10,103,9,39,3.87
2025-08-24,6,8,2025,0,17,4,2,4,7,53,5,28,4.18
2025-08-25,0,8,2025,0,49,9,6,12,15,116,23,34,3.46
2025-08-26,1,8,2025,0,47,11,4,8,11,107,21,46,3.76
2025-08-27,2,8,2025,0,44,4,8,11,11,102,15,37,3.2
2025-08-28,3,8,2025,0,37,9,8,7,11,90,12,23,4.26
2025-08-29,4,8,2025,0,52,14,8,5,9,117,19,43,3.32
2025-08-30,5,8,2025,0,18,5,3,7,4,56,9,20,4.09
2025-08-31,6,8,2025,0,15,2,3,8,3,24,7,15,4.1
2025-09-01,0,9,2025,0,50,13,11,3,16,117,20,33,4.16
2025-09-02,1,9,2025,0,49,10,9,6,12,125,18,33,3.36
2025-09-03,2,9,2025,0,37,8,5,8,10,92,17,32,4.34
2025-09-04,3,9,2025,0,56,11,12,7,16,132,18,42,4.11
2025-09-05,4,9,2025,0,56,7,9,7,15,124,19,48,3.5
2025-09-06,5,9,2025,0,32,3,7,11,8,95,12,27,3.61
2025-09-07,6,9,2025,0,28,7,4,5,11,51,10,32,4.58
2025-09-08,0,9,2025,0,61,12,4,8,18,139,23,18,2.57
2025-09-09,1,9,2025,0,39,9,3,10,10,96,16,26,3.43
2025-09-10,2,9,2025,0,40,6,5,6,9,98,16,31,3.53
2025-09-11,3,9,2025,0,43,4,9,7,15,111,16,32,3.63
2025-09-12,4,9,2025,0,47,5,9,8,10,101,23,27,3.96
2025-09-13,5,9,2025,0,26,5,5,13,8,45,10,40,3.71
2025-09-14,6,9,2025,0,28,6,5,8,5,80,10,34,4.0
2025-09-15,0,9,2025,0,51,14,6,6,16,122,18,35,3.85
2025-09-16,1,9,2025,0,45,13,7,6,17,103,12,35,3.43
2025-09-17,2,9,2025,0,44,10,8,8,14,111,14,34,3.95
2025-09-18,3,9,2025,0,56,9,8,5,14,144,23,29,4.07
2025-09-19,4,9,2025,0,50,5,5,11,13,121,17,35,3.44
2025-09-20,5,9,2025,0,32,5,7,11,6,78,13,28,4.09
2025-09-21,6,9,2025,0,19,2,3,0,5,47,8,30,3.52
2025-09-22,0,9,2025,0,50,12,5,2,14,130,21,47,4.17
2025-09-23,1,9,2025,0,33,4,3,7,9,81,13,29,3.53
2025-09-24,2,9,2025,0,46,9,9,4,17,104,19,24,3.74
2025-09-25,3,9,2025,0,40,4,4,13,9,91,14,12,3.74
2025-09-26,4,9,2025,0,43,9,4,9,14,113,15,31,3.79
